<?xml version="1.0" encoding="UTF-8"?>
<ApexPage xmlns="http://soap.sforce.com/2006/04/metadata">
    <apiVersion>34.0</apiVersion>
    <availableInTouch>true</availableInTouch>
    <confirmationTokenRequired>true</confirmationTokenRequired>
    <description>The demo page for shopping cart for working in stages and pushing to menu page.</description>
    <label>Cart</label>
    <packageVersions>
        <majorNumber>1</majorNumber>
        <minorNumber>8</minorNumber>
        <namespace>sf_chttr_apps</namespace>
    </packageVersions>
</ApexPage>
