<?xml version="1.0" encoding="UTF-8"?>
<ApexPage xmlns="http://soap.sforce.com/2006/04/metadata">
    <apiVersion>15.0</apiVersion>
    <availableInTouch>true</availableInTouch>
    <confirmationTokenRequired>false</confirmationTokenRequired>
    <label>MenuNew</label>
    <packageVersions>
        <majorNumber>1</majorNumber>
        <minorNumber>33</minorNumber>
        <namespace>agf</namespace>
    </packageVersions>
    <packageVersions>
        <majorNumber>1</majorNumber>
        <minorNumber>8</minorNumber>
        <namespace>sf_chttr_apps</namespace>
    </packageVersions>
</ApexPage>
